Dataset,Loss,RMSE,Accuracy
2_d_hawkes,-1.0265611647733106,10.567613871281047,0.5553462744050714
power_hawkes,-2.15126778998441,19.339630807555434,1.0
mimic,0.006229509820852579,0.9275239870675785,0.8481012658227848
stackOverflow,-0.7228050672080446,119.34775746254175,0.4351204512637254
